{"cameraMode":{"drawMode":0,"name":"Shaded","section":"Shading Mode"},"sceneLighting":false,"audioPlay":false,"sceneViewState":{"m_AlwaysRefresh":false,"showFog":true,"showSkybox":false,"showFlares":true,"showImageEffects":true,"showParticleSystems":true,"showVisualEffectGraphs":true,"m_FxEnabled":true},"in2DMode":false,"pivot":{"x":-0.055566251277923587,"y":0.020073890686035157,"z":-0.048340678215026858},"rotation":{"x":-0.07247006148099899,"y":0.9228399395942688,"z":-0.2147238403558731,"w":-0.31146174669265749},"size":0.7623494267463684,"orthographic":false}